{
	"description": "项目配置文件。",
	"setting": {
		"urlCheck": false,
		"es6": true,
		"postcss": true,
		"minified": true,
		"newFeature": true
	},
	"compileType": "miniprogram",
	"libVersion": "2.0.8",
	"appid": "wxffc76339a7b5f112",
	"projectname": "%E5%86%9C%E5%9C%BA%E5%B0%8F%E7%A8%8B%E5%BA%8F",
	"condition": {
		"search": {
			"current": -1,
			"list": []
		},
		"conversation": {
			"current": -1,
			"list": []
		},
		"plugin": {
			"current": -1,
			"list": []
		},
		"game": {
			"list": []
		},
		"miniprogram": {
			"current": -1,
			"list": [
				{
					"id": -1,
					"name": "菜地详情",
					"pathName": "pages/index/detail/index",
					"query": ""
				},
				{
					"id": -1,
					"name": "选择菜地",
					"pathName": "pages/index/choose/index",
					"query": ""
				},
				{
					"id": -1,
					"name": "菜地付款",
					"pathName": "pages/index/pay/index",
					"query": ""
				},
				{
					"id": -1,
					"name": "我的地址",
					"pathName": "pages/me/addresslist/index",
					"query": ""
				},
				{
					"id": -1,
					"name": "添加地址",
					"pathName": "pages/me/newaddress/index",
					"query": ""
				},
				{
					"id": -1,
					"name": "付款成功",
					"pathName": "pages/me/paysuccess/index",
					"query": ""
				},
				{
					"id": -1,
					"name": "我的",
					"pathName": "pages/me/mycenter/index",
					"query": ""
				},
				{
					"id": -1,
					"name": "我的订单",
					"pathName": "pages/me/myrecord/index",
					"query": ""
				},
				{
					"id": -1,
					"name": "登录",
					"pathName": "pages/index/login/login",
					"query": ""
				}
			]
		}
	}
}